File,Class
new_1_39.mat,0.52397
new_1_31.mat,0.98428
new_1_120.mat,0.99866
new_1_5.mat,0.52172
new_1_104.mat,0.99281
new_1_197.mat,0.95437
new_1_107.mat,0.50144
new_1_22.mat,0.65510
new_1_109.mat,0.99800
new_1_92.mat,0.99852
new_1_33.mat,0.50263
new_1_87.mat,0.50461
new_1_50.mat,0.99785
new_1_185.mat,0.69684
new_1_27.mat,0.99795
new_1_75.mat,0.50105
new_1_26.mat,0.99985
new_1_188.mat,0.50005
new_1_24.mat,0.99977
new_1_36.mat,0.99481
new_1_171.mat,0.62320
new_1_187.mat,0.50922
new_1_181.mat,0.98807
new_1_207.mat,0.52670
new_1_100.mat,0.57601
new_1_125.mat,0.98200
new_1_106.mat,0.51214
new_1_202.mat,0.53388
new_1_168.mat,0.96615
new_1_149.mat,0.99189
new_1_123.mat,0.55235
new_1_111.mat,0.99493
new_1_12.mat,0.50071
new_1_95.mat,0.80174
new_1_83.mat,0.99919
new_1_54.mat,0.50862
new_1_2.mat,0.98953
new_1_156.mat,0.50211
new_1_144.mat,0.99403
new_1_105.mat,0.85930
new_1_77.mat,0.50604
new_1_82.mat,0.54245
new_1_67.mat,0.50530
new_1_131.mat,0.90295
new_1_165.mat,0.55903
new_1_86.mat,0.99913
new_1_108.mat,0.52803
new_1_216.mat,0.50528
new_1_139.mat,0.98815
new_1_160.mat,0.50073
new_1_37.mat,0.99767
new_1_157.mat,0.55587
new_1_166.mat,0.99784
new_1_25.mat,0.51300
new_1_161.mat,0.99585
new_1_172.mat,0.74033
new_1_186.mat,0.99401
new_1_88.mat,0.96431
new_1_199.mat,0.51431
new_1_3.mat,0.69272
new_1_169.mat,0.98724
new_1_140.mat,0.50655
new_1_115.mat,0.50149
new_1_103.mat,0.50005
new_1_176.mat,0.84624
new_1_44.mat,0.97663
new_1_148.mat,0.93450
new_1_93.mat,0.99928
new_1_9.mat,0.99900
new_1_71.mat,0.50096
new_1_49.mat,0.50017
new_1_63.mat,0.50171
new_1_52.mat,0.99985
new_1_133.mat,0.98947
new_1_158.mat,0.50204
new_1_47.mat,0.99876
new_1_8.mat,0.50026
new_1_127.mat,0.97935
new_1_204.mat,0.50375
new_1_15.mat,0.61128
new_1_170.mat,0.50018
new_1_17.mat,0.51543
new_1_163.mat,0.99733
new_1_46.mat,0.75949
new_1_6.mat,0.98505
new_1_203.mat,0.50054
new_1_73.mat,0.99373
new_1_210.mat,0.50018
new_1_211.mat,0.50014
new_1_112.mat,0.51088
new_1_179.mat,0.98298
new_1_76.mat,0.99329
new_1_214.mat,0.50008
new_1_96.mat,0.50146
new_1_30.mat,0.95330
new_1_102.mat,0.50002
new_1_146.mat,0.99441
new_1_45.mat,0.50340
new_1_121.mat,0.68818
new_1_189.mat,0.50146
new_1_196.mat,0.87594
new_1_162.mat,0.50665
new_1_182.mat,0.98744
new_1_69.mat,0.51198
new_1_14.mat,0.50508
new_1_91.mat,0.67334
new_1_122.mat,0.99996
new_1_64.mat,0.99028
new_1_117.mat,0.99994
new_1_101.mat,0.98776
new_1_183.mat,0.50011
new_1_201.mat,0.99682
new_1_10.mat,0.50018
new_1_66.mat,0.99426
new_1_184.mat,0.50047
new_1_193.mat,0.99929
new_1_145.mat,0.98240
new_1_84.mat,0.50116
new_1_155.mat,0.50190
new_1_150.mat,0.53993
new_1_198.mat,0.50229
new_1_153.mat,0.50037
new_1_152.mat,0.50645
new_1_60.mat,0.87211
new_1_79.mat,0.85839
new_1_78.mat,0.73532
new_1_70.mat,0.50267
new_1_135.mat,0.50002
new_1_194.mat,0.99826
new_1_124.mat,0.50017
new_1_159.mat,0.99856
new_1_43.mat,0.93647
new_1_206.mat,0.50004
new_1_85.mat,0.51300
new_1_57.mat,0.50232
new_1_81.mat,0.50130
new_1_173.mat,0.99732
new_1_215.mat,0.99142
new_1_16.mat,0.99839
new_1_200.mat,0.50076
new_1_151.mat,0.95958
new_1_191.mat,0.50042
new_1_114.mat,0.50007
new_1_97.mat,0.95419
new_1_192.mat,0.50458
new_1_142.mat,0.99520
new_1_129.mat,0.99986
new_1_128.mat,0.87397
new_1_136.mat,0.99915
new_1_40.mat,0.50381
new_1_53.mat,0.50669
new_1_62.mat,0.51602
new_1_80.mat,0.99993
new_1_138.mat,0.99945
new_1_38.mat,0.50516
new_1_132.mat,0.99946
new_1_1.mat,0.99317
new_1_41.mat,0.64661
new_1_116.mat,0.50058
new_1_180.mat,0.99817
new_1_190.mat,0.94732
new_1_68.mat,0.82020
new_1_174.mat,0.82679
new_1_94.mat,0.67390
new_1_213.mat,0.99384
new_1_55.mat,0.99391
new_1_118.mat,0.53208
new_1_154.mat,0.50016
new_1_175.mat,0.50375
new_1_11.mat,0.50150
new_1_56.mat,0.99549
new_1_4.mat,0.50002
new_1_35.mat,0.99948
new_1_134.mat,0.99833
new_1_89.mat,0.50007
new_1_143.mat,0.96417
new_1_137.mat,0.50113
new_1_164.mat,0.50018
new_1_23.mat,0.50024
new_1_99.mat,0.50148
new_1_19.mat,0.88466
new_1_141.mat,0.50254
new_1_90.mat,0.50053
new_1_61.mat,0.51164
new_1_110.mat,0.50005
new_1_48.mat,0.97929
new_1_29.mat,0.99722
new_1_113.mat,0.99381
new_1_65.mat,0.70178
new_1_42.mat,0.65176
new_1_58.mat,0.51365
new_1_59.mat,0.50024
new_1_119.mat,0.98418
new_1_208.mat,0.98805
new_1_126.mat,0.74584
new_1_32.mat,0.84367
new_1_28.mat,0.50179
new_1_74.mat,0.92349
new_1_195.mat,0.63756
new_1_178.mat,0.97772
new_1_130.mat,0.50167
new_1_212.mat,0.50015
new_1_51.mat,0.69987
new_2_273.mat,0.50018
new_2_358.mat,0.99616
new_2_362.mat,0.50189
new_2_278.mat,0.78938
new_2_186.mat,0.58687
new_2_595.mat,0.50001
new_2_368.mat,0.50541
new_2_741.mat,0.96067
new_2_929.mat,0.99790
new_2_470.mat,0.93235
new_2_732.mat,0.99947
new_2_537.mat,0.50412
new_2_721.mat,0.99819
new_2_872.mat,0.98896
new_2_769.mat,0.65141
new_2_709.mat,0.96959
new_2_410.mat,0.50002
new_2_389.mat,0.75571
new_2_455.mat,0.79429
new_2_48.mat,0.57526
new_2_829.mat,0.95871
new_2_430.mat,0.52075
new_2_983.mat,0.52868
new_2_662.mat,0.96543
new_2_252.mat,0.59620
new_2_497.mat,0.97592
new_2_132.mat,0.65405
new_2_870.mat,0.98921
new_2_245.mat,0.90334
new_2_634.mat,0.58034
new_2_111.mat,0.85316
new_2_756.mat,0.51331
new_2_636.mat,0.50145
new_2_729.mat,0.99893
new_2_844.mat,0.51816
new_2_905.mat,0.53240
new_2_800.mat,0.96149
new_2_618.mat,0.94191
new_2_909.mat,0.50001
new_2_596.mat,0.54223
new_2_82.mat,0.99524
new_2_156.mat,0.88143
new_2_827.mat,0.99956
new_2_646.mat,0.94267
new_2_166.mat,0.50020
new_2_377.mat,0.99145
new_2_614.mat,0.54212
new_2_621.mat,0.99866
new_2_196.mat,0.77468
new_2_630.mat,0.51062
new_2_913.mat,0.98999
new_2_892.mat,0.50075
new_2_336.mat,0.50094
new_2_193.mat,0.98861
new_2_965.mat,0.99543
new_2_665.mat,0.99884
new_2_847.mat,0.97380
new_2_937.mat,0.50192
new_2_799.mat,0.50266
new_2_893.mat,0.95191
new_2_659.mat,0.91149
new_2_746.mat,0.99969
new_2_401.mat,0.50001
new_2_46.mat,0.87533
new_2_266.mat,0.63445
new_2_594.mat,0.97505
new_2_243.mat,0.57004
new_2_170.mat,0.50057
new_2_62.mat,0.99232
new_2_361.mat,0.99908
new_2_460.mat,0.50675
new_2_432.mat,0.98684
new_2_771.mat,0.84753
new_2_661.mat,0.50255
new_2_824.mat,0.93142
new_2_337.mat,0.57301
new_2_446.mat,0.99557
new_2_733.mat,0.75397
new_2_428.mat,0.50001
new_2_928.mat,0.50385
new_2_395.mat,0.50001
new_2_902.mat,0.99985
new_2_37.mat,0.79717
new_2_801.mat,0.51925
new_2_188.mat,0.50001
new_2_923.mat,0.95821
new_2_183.mat,0.81696
new_2_42.mat,0.50010
new_2_469.mat,0.89312
new_2_351.mat,0.83143
new_2_339.mat,0.64912
new_2_360.mat,0.60296
new_2_310.mat,0.97009
new_2_259.mat,0.51679
new_2_371.mat,0.96269
new_2_84.mat,0.51149
new_2_214.mat,0.76350
new_2_315.mat,0.96983
new_2_76.mat,0.99835
new_2_284.mat,0.66516
new_2_777.mat,0.99773
new_2_133.mat,0.99092
new_2_723.mat,0.59214
new_2_357.mat,0.50006
new_2_543.mat,0.98138
new_2_728.mat,0.98008
new_2_613.mat,0.93963
new_2_876.mat,0.85705
new_2_806.mat,0.98721
new_2_119.mat,0.76882
new_2_95.mat,0.50142
new_2_354.mat,0.56487
new_2_949.mat,0.52310
new_2_612.mat,0.99298
new_2_781.mat,0.52898
new_2_413.mat,0.96619
new_2_592.mat,0.97100
new_2_60.mat,0.50042
new_2_240.mat,0.50279
new_2_80.mat,0.94419
new_2_622.mat,0.92413
new_2_851.mat,0.50001
new_2_748.mat,0.99699
new_2_854.mat,0.99229
new_2_774.mat,0.98428
new_2_145.mat,0.90765
new_2_327.mat,0.96651
new_2_675.mat,0.98366
new_2_476.mat,0.50023
new_2_825.mat,0.50340
new_2_826.mat,0.50015
new_2_886.mat,0.88386
new_2_770.mat,0.92596
new_2_38.mat,0.99264
new_2_922.mat,0.99876
new_2_355.mat,0.50714
new_2_286.mat,0.96749
new_2_363.mat,0.65225
new_2_348.mat,0.96529
new_2_645.mat,0.99903
new_2_461.mat,0.50152
new_2_23.mat,0.68767
new_2_744.mat,0.78603
new_2_25.mat,0.50001
new_2_199.mat,0.50260
new_2_402.mat,0.97976
new_2_555.mat,0.50001
new_2_185.mat,0.97967
new_2_447.mat,0.93663
new_2_845.mat,0.98327
new_2_263.mat,0.98817
new_2_102.mat,0.95313
new_2_797.mat,0.50017
new_2_480.mat,0.97275
new_2_946.mat,0.95411
new_2_474.mat,0.99410
new_2_969.mat,0.51236
new_2_262.mat,0.96846
new_2_956.mat,0.54001
new_2_977.mat,0.99755
new_2_431.mat,0.80822
new_2_560.mat,0.58579
new_2_59.mat,0.83546
new_2_149.mat,0.74736
new_2_139.mat,0.52088
new_2_294.mat,0.74938
new_2_587.mat,0.50049
new_2_566.mat,0.57012
new_2_367.mat,0.91422
new_2_159.mat,0.50182
new_2_3.mat,0.97481
new_2_13.mat,0.53491
new_2_873.mat,0.50000
new_2_959.mat,0.50002
new_2_879.mat,0.52491
new_2_752.mat,0.50743
new_2_918.mat,0.99901
new_2_551.mat,0.88476
new_2_439.mat,0.94715
new_2_629.mat,0.93144
new_2_83.mat,0.67138
new_2_57.mat,0.50090
new_2_303.mat,0.94027
new_2_718.mat,0.60772
new_2_70.mat,0.88831
new_2_648.mat,0.99381
new_2_257.mat,0.95638
new_2_248.mat,0.52703
new_2_538.mat,0.99781
new_2_904.mat,0.97958
new_2_212.mat,0.98047
new_2_666.mat,0.70006
new_2_35.mat,0.99984
new_2_857.mat,0.50001
new_2_120.mat,0.99533
new_2_471.mat,0.97791
new_2_778.mat,0.50854
new_2_425.mat,0.57169
new_2_415.mat,0.99990
new_2_30.mat,0.99970
new_2_943.mat,0.87655
new_2_500.mat,0.50383
new_2_520.mat,0.77468
new_2_541.mat,0.99345
new_2_963.mat,0.52912
new_2_475.mat,0.51698
new_2_316.mat,0.98601
new_2_953.mat,0.98723
new_2_859.mat,0.50077
new_2_864.mat,0.99710
new_2_784.mat,0.91131
new_2_788.mat,0.98110
new_2_374.mat,0.99959
new_2_698.mat,0.88752
new_2_406.mat,0.91055
new_2_522.mat,0.59258
new_2_261.mat,0.79632
new_2_577.mat,0.51404
new_2_615.mat,0.58711
new_2_64.mat,0.56028
new_2_643.mat,0.90987
new_2_201.mat,0.93718
new_2_442.mat,0.50353
new_2_429.mat,0.52199
new_2_816.mat,0.50040
new_2_129.mat,0.67373
new_2_768.mat,0.91806
new_2_865.mat,0.50068
new_2_765.mat,0.81967
new_2_414.mat,0.67749
new_2_105.mat,0.98545
new_2_383.mat,0.50174
new_2_412.mat,0.99885
new_2_466.mat,0.94969
new_2_791.mat,0.87314
new_2_583.mat,0.50002
new_2_753.mat,0.53603
new_2_356.mat,0.94216
new_2_440.mat,0.75230
new_2_804.mat,0.87452
new_2_649.mat,0.75972
new_2_296.mat,0.95423
new_2_234.mat,0.99146
new_2_652.mat,0.50002
new_2_125.mat,0.80338
new_2_213.mat,0.88160
new_2_453.mat,0.89605
new_2_960.mat,0.98660
new_2_708.mat,0.58875
new_2_365.mat,0.95404
new_2_912.mat,0.62791
new_2_961.mat,0.51696
new_2_253.mat,0.71500
new_2_651.mat,0.99942
new_2_421.mat,0.95933
new_2_699.mat,0.90039
new_2_677.mat,0.78454
new_2_17.mat,0.75073
new_2_894.mat,0.90242
new_2_81.mat,0.50001
new_2_958.mat,0.99368
new_2_333.mat,0.99932
new_2_650.mat,0.99925
new_2_585.mat,0.81319
new_2_490.mat,0.95290
new_2_521.mat,0.55665
new_2_812.mat,0.73648
new_2_331.mat,0.98570
new_2_219.mat,0.50043
new_2_45.mat,0.50036
new_2_478.mat,0.68935
new_2_205.mat,0.97848
new_2_605.mat,0.92407
new_2_680.mat,0.99846
new_2_54.mat,0.99557
new_2_757.mat,0.50072
new_2_975.mat,0.91310
new_2_305.mat,0.98866
new_2_736.mat,0.99323
new_2_352.mat,0.67616
new_2_742.mat,0.50008
new_2_997.mat,0.89496
new_2_295.mat,0.56101
new_2_407.mat,0.99652
new_2_12.mat,0.98209
new_2_424.mat,0.95799
new_2_194.mat,0.99657
new_2_747.mat,0.50850
new_2_862.mat,0.99900
new_2_135.mat,0.99871
new_2_1002.mat,0.71135
new_2_776.mat,0.63488
new_2_299.mat,0.99730
new_2_642.mat,0.99367
new_2_172.mat,0.99885
new_2_152.mat,0.90962
new_2_896.mat,0.96141
new_2_177.mat,0.82299
new_2_370.mat,0.81826
new_2_625.mat,0.50004
new_2_452.mat,0.99302
new_2_986.mat,0.63690
new_2_685.mat,0.56355
new_2_861.mat,0.50288
new_2_735.mat,0.92182
new_2_722.mat,0.62929
new_2_971.mat,0.99618
new_2_181.mat,0.98785
new_2_754.mat,0.79828
new_2_628.mat,0.50021
new_2_56.mat,0.56664
new_2_10.mat,0.94249
new_2_964.mat,0.91639
new_2_450.mat,0.50180
new_2_924.mat,0.99816
new_2_623.mat,0.51482
new_2_586.mat,0.51866
new_2_711.mat,0.98601
new_2_758.mat,0.98671
new_2_325.mat,0.76583
new_2_2.mat,0.50000
new_2_24.mat,0.64455
new_2_247.mat,0.98138
new_2_92.mat,0.95221
new_2_599.mat,0.53943
new_2_608.mat,0.97577
new_2_4.mat,0.95489
new_2_51.mat,0.97491
new_2_999.mat,0.73324
new_2_945.mat,0.50045
new_2_724.mat,0.50002
new_2_448.mat,0.68461
new_2_570.mat,0.98523
new_2_438.mat,0.51506
new_2_695.mat,0.89210
new_2_697.mat,0.97822
new_2_727.mat,0.99758
new_2_372.mat,0.89746
new_2_887.mat,0.72782
new_2_443.mat,0.94485
new_2_179.mat,0.98211
new_2_787.mat,0.50051
new_2_796.mat,0.98478
new_2_353.mat,0.50046
new_2_654.mat,0.81825
new_2_888.mat,0.92945
new_2_898.mat,0.50273
new_2_338.mat,0.94738
new_2_161.mat,0.83742
new_2_689.mat,0.56371
new_2_686.mat,0.59813
new_2_265.mat,0.80758
new_2_808.mat,0.78032
new_2_96.mat,0.98972
new_2_938.mat,0.50008
new_2_108.mat,0.79624
new_2_987.mat,0.97876
new_2_517.mat,0.98697
new_2_511.mat,0.50258
new_2_973.mat,0.99198
new_2_206.mat,0.99249
new_2_532.mat,0.87587
new_2_637.mat,0.94628
new_2_63.mat,0.78473
new_2_701.mat,0.50018
new_2_684.mat,0.99290
new_2_91.mat,0.50083
new_2_282.mat,0.61251
new_2_979.mat,0.99304
new_2_856.mat,0.50001
new_2_392.mat,0.50002
new_2_793.mat,0.63053
new_2_991.mat,0.91782
new_2_334.mat,0.97950
new_2_128.mat,0.95028
new_2_218.mat,0.51450
new_2_40.mat,0.50021
new_2_687.mat,0.99898
new_2_457.mat,0.95885
new_2_494.mat,0.66113
new_2_501.mat,0.50237
new_2_251.mat,0.93499
new_2_968.mat,0.99461
new_2_734.mat,0.50005
new_2_866.mat,0.62907
new_2_43.mat,0.51716
new_2_712.mat,0.99731
new_2_309.mat,0.51106
new_2_503.mat,0.82835
new_2_514.mat,0.99850
new_2_927.mat,0.81427
new_2_489.mat,0.50047
new_2_298.mat,0.50030
new_2_984.mat,0.50066
new_2_720.mat,0.69472
new_2_472.mat,0.99978
new_2_495.mat,0.99967
new_2_422.mat,0.64853
new_2_831.mat,0.98336
new_2_738.mat,0.75556
new_2_270.mat,0.99432
new_2_492.mat,0.50002
new_2_5.mat,0.50012
new_2_822.mat,0.94120
new_2_635.mat,0.50094
new_2_160.mat,0.77158
new_2_1001.mat,0.50520
new_2_600.mat,0.56556
new_2_486.mat,0.99696
new_2_900.mat,0.96968
new_2_841.mat,0.93763
new_2_144.mat,0.50109
new_2_951.mat,0.99597
new_2_980.mat,0.94010
new_2_151.mat,0.74597
new_2_640.mat,0.94822
new_2_858.mat,0.51393
new_2_44.mat,0.50093
new_2_22.mat,0.55005
new_2_344.mat,0.50005
new_2_21.mat,0.99756
new_2_211.mat,0.99977
new_2_113.mat,0.99960
new_2_772.mat,0.76174
new_2_264.mat,0.56495
new_2_939.mat,0.99818
new_2_122.mat,0.53473
new_2_901.mat,0.54916
new_2_18.mat,0.99173
new_2_115.mat,0.78471
new_2_58.mat,0.50034
new_2_688.mat,0.50025
new_2_404.mat,0.69072
new_2_750.mat,0.50000
new_2_326.mat,0.99957
new_2_280.mat,0.50154
new_2_293.mat,0.99759
new_2_373.mat,0.86373
new_2_369.mat,0.93382
new_2_387.mat,0.87368
new_2_966.mat,0.50380
new_2_154.mat,0.99816
new_2_505.mat,0.99618
new_2_350.mat,0.50003
new_2_168.mat,0.96277
new_2_190.mat,0.58935
new_2_792.mat,0.99934
new_2_409.mat,0.99762
new_2_287.mat,0.50132
new_2_8.mat,0.66878
new_2_221.mat,0.50012
new_2_589.mat,0.50643
new_2_347.mat,0.50029
new_2_568.mat,0.99400
new_2_542.mat,0.50080
new_2_895.mat,0.91072
new_2_565.mat,0.98304
new_2_940.mat,0.69701
new_2_647.mat,0.99666
new_2_198.mat,0.97523
new_2_283.mat,0.64050
new_2_601.mat,0.99869
new_2_891.mat,0.69014
new_2_810.mat,0.50043
new_2_176.mat,0.50120
new_2_308.mat,0.76194
new_2_869.mat,0.81581
new_2_322.mat,0.50016
new_2_276.mat,0.51706
new_2_970.mat,0.77736
new_2_755.mat,0.51237
new_2_504.mat,0.97628
new_2_682.mat,0.57798
new_2_302.mat,0.52051
new_2_710.mat,0.97021
new_2_620.mat,0.99277
new_2_346.mat,0.99977
new_2_319.mat,0.88671
new_2_184.mat,0.99414
new_2_399.mat,0.50145
new_2_79.mat,0.97678
new_2_785.mat,0.88825
new_2_539.mat,0.63852
new_2_313.mat,0.94171
new_2_868.mat,0.85864
new_2_114.mat,0.82828
new_2_390.mat,0.99705
new_2_385.mat,0.94862
new_2_423.mat,0.61268
new_2_510.mat,0.73312
new_2_72.mat,0.50000
new_2_36.mat,0.88142
new_2_933.mat,0.77631
new_2_210.mat,0.99602
new_2_558.mat,0.78014
new_2_575.mat,0.99104
new_2_663.mat,0.50014
new_2_516.mat,0.50045
new_2_391.mat,0.59994
new_2_696.mat,0.99467
new_2_572.mat,0.97917
new_2_175.mat,0.99944
new_2_382.mat,0.64551
new_2_467.mat,0.81623
new_2_638.mat,0.95994
new_2_204.mat,0.50001
new_2_317.mat,0.50001
new_2_141.mat,0.50010
new_2_110.mat,0.99586
new_2_828.mat,0.50027
new_2_525.mat,0.99784
new_2_31.mat,0.99260
new_2_459.mat,0.50011
new_2_491.mat,0.50508
new_2_821.mat,0.51021
new_2_167.mat,0.98780
new_2_314.mat,0.93493
new_2_136.mat,0.96195
new_2_819.mat,0.71676
new_2_236.mat,0.88370
new_2_71.mat,0.82007
new_2_534.mat,0.50965
new_2_782.mat,0.50479
new_2_169.mat,0.54839
new_2_789.mat,0.57566
new_2_751.mat,0.50010
new_2_89.mat,0.99786
new_2_454.mat,0.50059
new_2_554.mat,0.98422
new_2_441.mat,0.50038
new_2_942.mat,0.85398
new_2_138.mat,0.99871
new_2_202.mat,0.50095
new_2_607.mat,0.50830
new_2_230.mat,0.81657
new_2_947.mat,0.50003
new_2_849.mat,0.99846
new_2_513.mat,0.55838
new_2_998.mat,0.50205
new_2_567.mat,0.96338
new_2_563.mat,0.89430
new_2_155.mat,0.51259
new_2_427.mat,0.56410
new_2_679.mat,0.50129
new_2_867.mat,0.96736
new_2_267.mat,0.97581
new_2_223.mat,0.91838
new_2_208.mat,0.99884
new_2_639.mat,0.99897
new_2_436.mat,0.89133
new_2_850.mat,0.54548
new_2_482.mat,0.53989
new_2_258.mat,0.50380
new_2_239.mat,0.92403
new_2_670.mat,0.51198
new_2_109.mat,0.74082
new_2_485.mat,0.72445
new_2_162.mat,0.99412
new_2_883.mat,0.98046
new_2_481.mat,0.72397
new_2_321.mat,0.99820
new_2_916.mat,0.97937
new_2_238.mat,0.99741
new_2_549.mat,0.94102
new_2_488.mat,0.79266
new_2_834.mat,0.99398
new_2_530.mat,0.50104
new_2_773.mat,0.98377
new_2_694.mat,0.99981
new_2_260.mat,0.57067
new_2_250.mat,0.98800
new_2_320.mat,0.78136
new_2_142.mat,0.50404
new_2_268.mat,0.74948
new_2_564.mat,0.50004
new_2_606.mat,0.50001
new_2_936.mat,0.50011
new_2_875.mat,0.97620
new_2_506.mat,0.58557
new_2_311.mat,0.51897
new_2_1000.mat,0.90380
new_2_512.mat,0.51025
new_2_364.mat,0.98831
new_2_11.mat,0.50154
new_2_890.mat,0.50001
new_2_274.mat,0.50001
new_2_691.mat,0.99095
new_2_683.mat,0.50855
new_2_557.mat,0.75808
new_2_619.mat,0.50002
new_2_562.mat,0.90884
new_2_584.mat,0.96296
new_2_93.mat,0.97942
new_2_434.mat,0.50076
new_2_669.mat,0.83689
new_2_944.mat,0.50370
new_2_835.mat,0.98492
new_2_254.mat,0.50022
new_2_915.mat,0.87837
new_2_271.mat,0.98883
new_2_515.mat,0.50045
new_2_524.mat,0.91401
new_2_544.mat,0.54787
new_2_673.mat,0.88467
new_2_907.mat,0.50945
new_2_580.mat,0.92529
new_2_220.mat,0.51077
new_2_126.mat,0.58185
new_2_146.mat,0.81242
new_2_783.mat,0.99927
new_2_593.mat,0.93710
new_2_840.mat,0.50035
new_2_962.mat,0.53131
new_2_823.mat,0.50016
new_2_552.mat,0.87630
new_2_285.mat,0.51547
new_2_602.mat,0.50119
new_2_548.mat,0.99351
new_2_312.mat,0.92170
new_2_836.mat,0.85817
new_2_985.mat,0.99848
new_2_340.mat,0.55202
new_2_790.mat,0.98116
new_2_9.mat,0.50275
new_2_277.mat,0.56153
new_2_192.mat,0.50000
new_2_405.mat,0.50599
new_2_233.mat,0.98261
new_2_590.mat,0.96912
new_2_626.mat,0.86421
new_2_950.mat,0.98542
new_2_378.mat,0.50009
new_2_375.mat,0.93567
new_2_376.mat,0.56606
new_2_811.mat,0.81527
new_2_394.mat,0.99858
new_2_759.mat,0.50020
new_2_786.mat,0.99892
new_2_449.mat,0.97873
new_2_974.mat,0.50012
new_2_807.mat,0.97814
new_2_117.mat,0.75281
new_2_403.mat,0.83423
new_2_591.mat,0.50044
new_2_323.mat,0.96087
new_2_477.mat,0.92628
new_2_676.mat,0.50149
new_2_713.mat,0.50002
new_2_508.mat,0.50066
new_2_99.mat,0.99245
new_2_703.mat,0.50033
new_2_764.mat,0.50251
new_2_509.mat,0.69309
new_2_328.mat,0.51321
new_2_700.mat,0.99690
new_2_458.mat,0.50002
new_2_976.mat,0.99851
new_2_574.mat,0.99831
new_2_803.mat,0.50005
new_2_719.mat,0.50327
new_2_137.mat,0.97322
new_2_794.mat,0.99370
new_2_306.mat,0.99218
new_2_507.mat,0.94530
new_2_14.mat,0.99967
new_2_225.mat,0.99283
new_2_231.mat,0.98179
new_2_380.mat,0.99504
new_2_556.mat,0.98908
new_2_307.mat,0.98989
new_2_989.mat,0.97156
new_2_118.mat,0.96165
new_2_749.mat,0.59478
new_2_582.mat,0.50007
new_2_297.mat,0.71185
new_2_762.mat,0.86580
new_2_90.mat,0.99150
new_2_180.mat,0.97609
new_2_445.mat,0.74808
new_2_68.mat,0.99418
new_2_818.mat,0.89839
new_2_203.mat,0.88719
new_2_426.mat,0.99974
new_2_817.mat,0.62686
new_2_546.mat,0.62701
new_2_667.mat,0.60035
new_2_988.mat,0.50001
new_2_52.mat,0.81690
new_2_483.mat,0.72666
new_2_842.mat,0.50094
new_2_714.mat,0.84741
new_2_150.mat,0.52819
new_2_660.mat,0.90522
new_2_288.mat,0.50000
new_2_955.mat,0.58511
new_2_349.mat,0.51487
new_2_275.mat,0.50002
new_2_993.mat,0.95275
new_2_926.mat,0.50295
new_2_55.mat,0.90443
new_2_304.mat,0.50564
new_2_143.mat,0.83121
new_2_7.mat,0.99982
new_2_379.mat,0.99938
new_2_397.mat,0.99756
new_2_779.mat,0.96557
new_2_50.mat,0.98271
new_2_839.mat,0.71714
new_2_65.mat,0.50479
new_2_707.mat,0.85224
new_2_656.mat,0.50007
new_2_78.mat,0.51393
new_2_547.mat,0.99961
new_2_972.mat,0.55702
new_2_318.mat,0.96326
new_2_952.mat,0.51035
new_2_66.mat,0.98535
new_2_597.mat,0.99808
new_2_610.mat,0.50000
new_2_174.mat,0.80789
new_2_664.mat,0.50111
new_2_910.mat,0.59170
new_2_860.mat,0.50040
new_2_763.mat,0.99862
new_2_920.mat,0.95188
new_2_529.mat,0.99139
new_2_881.mat,0.50003
new_2_573.mat,0.55793
new_2_123.mat,0.87671
new_2_668.mat,0.50019
new_2_954.mat,0.98595
new_2_417.mat,0.99945
new_2_877.mat,0.50211
new_2_87.mat,0.98652
new_2_33.mat,0.79980
new_2_576.mat,0.99891
new_2_437.mat,0.61526
new_2_39.mat,0.55568
new_2_165.mat,0.79145
new_2_386.mat,0.54571
new_2_540.mat,0.71722
new_2_226.mat,0.50000
new_2_780.mat,0.99256
new_2_581.mat,0.88011
new_2_775.mat,0.99576
new_2_444.mat,0.90386
new_2_19.mat,0.60950
new_2_164.mat,0.99712
new_2_187.mat,0.50009
new_2_919.mat,0.99913
new_2_98.mat,0.99528
new_2_197.mat,0.99979
new_2_655.mat,0.59189
new_2_359.mat,0.50425
new_2_147.mat,0.50005
new_2_279.mat,0.68779
new_2_863.mat,0.96655
new_2_739.mat,0.99971
new_2_653.mat,0.62325
new_2_545.mat,0.50462
new_2_726.mat,0.83373
new_2_527.mat,0.56393
new_2_496.mat,0.98333
new_2_178.mat,0.50060
new_2_578.mat,0.86998
new_2_418.mat,0.54778
new_2_101.mat,0.98464
new_2_419.mat,0.99895
new_2_121.mat,0.50140
new_2_232.mat,0.50039
new_2_559.mat,0.50289
new_2_28.mat,0.92769
new_2_189.mat,0.87763
new_2_908.mat,0.91680
new_2_343.mat,0.50336
new_2_216.mat,0.89672
new_2_131.mat,0.99619
new_2_838.mat,0.59673
new_2_882.mat,0.65824
new_2_456.mat,0.50004
new_2_921.mat,0.99765
new_2_611.mat,0.52131
new_2_528.mat,0.54900
new_2_930.mat,0.81146
new_2_416.mat,0.95989
new_2_332.mat,0.50006
new_2_706.mat,0.96144
new_2_519.mat,0.97395
new_2_705.mat,0.87343
new_2_342.mat,0.97228
new_2_77.mat,0.99981
new_2_393.mat,0.98895
new_2_603.mat,0.98618
new_2_34.mat,0.50225
new_2_671.mat,0.98679
new_2_690.mat,0.99845
new_2_761.mat,0.53381
new_2_479.mat,0.99830
new_2_925.mat,0.90465
new_2_588.mat,0.90481
new_2_127.mat,0.50012
new_2_730.mat,0.99953
new_2_745.mat,0.50365
new_2_855.mat,0.75533
new_2_885.mat,0.95618
new_2_880.mat,0.64508
new_2_550.mat,0.97264
new_2_463.mat,0.99331
new_2_833.mat,0.85714
new_2_616.mat,0.50831
new_2_579.mat,0.96718
new_2_235.mat,0.96936
new_2_692.mat,0.99909
new_2_484.mat,0.50217
new_2_716.mat,0.50006
new_2_292.mat,0.50027
new_2_931.mat,0.62968
new_2_158.mat,0.50065
new_2_737.mat,0.55869
new_2_715.mat,0.99896
new_2_88.mat,0.98303
new_2_134.mat,0.50004
new_2_224.mat,0.81446
new_2_163.mat,0.50004
new_2_222.mat,0.50132
new_2_330.mat,0.98733
new_2_523.mat,0.50023
new_2_897.mat,0.50124
new_2_27.mat,0.98934
new_2_104.mat,0.99399
new_2_396.mat,0.50442
new_2_837.mat,0.98537
new_2_681.mat,0.96660
new_2_830.mat,0.50224
new_2_978.mat,0.99460
new_2_229.mat,0.54635
new_2_795.mat,0.98523
new_2_301.mat,0.95721
new_2_227.mat,0.50118
new_2_281.mat,0.50126
new_2_269.mat,0.84655
new_2_990.mat,0.99479
new_2_874.mat,0.80441
new_2_914.mat,0.88599
new_2_335.mat,0.50029
new_2_561.mat,0.95689
new_2_526.mat,0.99903
new_2_74.mat,0.96527
new_2_388.mat,0.95189
new_2_244.mat,0.90394
new_2_627.mat,0.66103
new_2_598.mat,0.94341
new_2_935.mat,0.51755
new_2_848.mat,0.50000
new_2_246.mat,0.87916
new_2_832.mat,0.99775
new_2_400.mat,0.50002
new_2_249.mat,0.62748
new_2_632.mat,0.50047
new_2_624.mat,0.95544
new_2_41.mat,0.52923
new_2_814.mat,0.51471
new_2_290.mat,0.93919
new_2_633.mat,0.58017
new_2_805.mat,0.64651
new_2_61.mat,0.94420
new_2_195.mat,0.50021
new_2_693.mat,0.52391
new_2_906.mat,0.85082
new_2_291.mat,0.99117
new_2_97.mat,0.63133
new_2_49.mat,0.92615
new_2_878.mat,0.54950
new_2_289.mat,0.99869
new_2_408.mat,0.50000
new_2_884.mat,0.99383
new_2_173.mat,0.98672
new_2_911.mat,0.93764
new_2_107.mat,0.50000
new_2_241.mat,0.50001
new_2_435.mat,0.53133
new_2_889.mat,0.94655
new_2_843.mat,0.81931
new_2_996.mat,0.50002
new_2_820.mat,0.50066
new_2_802.mat,0.99942
new_2_157.mat,0.61876
new_2_658.mat,0.61399
new_2_553.mat,0.99798
new_2_518.mat,0.62654
new_2_345.mat,0.95460
new_2_657.mat,0.50102
new_2_853.mat,0.99303
new_2_341.mat,0.59540
new_2_644.mat,0.95924
new_2_451.mat,0.50000
new_2_672.mat,0.99698
new_2_631.mat,0.65062
new_2_948.mat,0.92934
new_2_767.mat,0.98450
new_2_982.mat,0.52980
new_2_917.mat,0.90079
new_2_329.mat,0.50003
new_2_69.mat,0.52067
new_2_498.mat,0.91600
new_2_182.mat,0.98946
new_2_992.mat,0.80141
new_2_215.mat,0.97039
new_2_981.mat,0.97694
new_2_191.mat,0.98710
new_2_717.mat,0.50039
new_2_116.mat,0.55167
new_2_86.mat,0.52828
new_2_366.mat,0.50141
new_2_815.mat,0.99609
new_2_465.mat,0.73007
new_2_535.mat,0.83814
new_2_464.mat,0.97916
new_2_272.mat,0.99920
new_2_73.mat,0.90399
new_2_932.mat,0.50001
new_2_15.mat,0.98745
new_2_47.mat,0.85307
new_2_846.mat,0.50269
new_2_941.mat,0.66295
new_2_702.mat,0.79830
new_2_1.mat,0.85919
new_2_20.mat,0.62787
new_2_899.mat,0.53485
new_2_809.mat,0.50003
new_2_171.mat,0.99158
new_2_571.mat,0.50016
new_2_531.mat,0.98370
new_2_994.mat,0.64104
new_2_725.mat,0.99949
new_2_75.mat,0.99539
new_2_207.mat,0.99411
new_2_53.mat,0.88303
new_2_324.mat,0.50073
new_2_536.mat,0.92185
new_2_569.mat,0.51067
new_2_103.mat,0.50003
new_2_16.mat,0.82865
new_2_967.mat,0.50505
new_2_256.mat,0.99550
new_2_29.mat,0.95791
new_2_411.mat,0.99231
new_2_678.mat,0.99318
new_2_112.mat,0.50004
new_2_731.mat,0.98360
new_2_300.mat,0.96478
new_2_743.mat,0.50098
new_2_813.mat,0.57037
new_2_124.mat,0.50012
new_2_462.mat,0.99988
new_2_153.mat,0.50086
new_2_903.mat,0.99743
new_2_502.mat,0.99904
new_2_130.mat,0.65759
new_2_609.mat,0.52854
new_2_228.mat,0.52792
new_2_487.mat,0.66495
new_2_100.mat,0.98471
new_2_237.mat,0.54254
new_2_473.mat,0.58638
new_2_6.mat,0.88527
new_2_106.mat,0.50001
new_2_381.mat,0.50905
new_2_798.mat,0.99990
new_2_760.mat,0.86266
new_2_493.mat,0.96073
new_2_957.mat,0.76901
new_2_32.mat,0.89045
new_2_641.mat,0.92832
new_2_995.mat,0.98343
new_2_398.mat,0.51066
new_2_85.mat,0.99630
new_2_384.mat,0.93417
new_2_674.mat,0.89913
new_2_242.mat,0.99793
new_2_871.mat,0.97374
new_2_200.mat,0.99458
new_2_67.mat,0.50129
new_2_704.mat,0.69628
new_2_468.mat,0.84772
new_2_209.mat,0.99613
new_2_255.mat,0.69877
new_2_852.mat,0.50003
new_2_604.mat,0.99531
new_2_766.mat,0.73369
new_2_617.mat,0.50041
new_2_934.mat,0.98748
new_2_217.mat,0.92529
new_2_533.mat,0.98839
new_3_501.mat,0.50884
new_3_550.mat,0.97219
new_3_142.mat,0.99692
new_3_235.mat,0.50807
new_3_125.mat,0.50010
new_3_442.mat,0.51922
new_3_255.mat,0.99997
new_3_15.mat,0.51624
new_3_482.mat,0.55348
new_3_172.mat,0.93288
new_3_656.mat,0.53999
new_3_215.mat,0.99131
new_3_415.mat,0.85113
new_3_685.mat,0.99971
new_3_82.mat,0.50284
new_3_446.mat,0.50805
new_3_343.mat,0.99026
new_3_156.mat,0.52507
new_3_450.mat,0.52494
new_3_328.mat,0.51753
new_3_586.mat,0.98087
new_3_439.mat,0.99818
new_3_474.mat,0.55921
new_3_77.mat,0.77145
new_3_213.mat,0.50009
new_3_17.mat,0.98864
new_3_277.mat,0.98380
new_3_658.mat,0.98726
new_3_49.mat,0.96647
new_3_178.mat,0.99720
new_3_324.mat,0.68892
new_3_526.mat,0.69039
new_3_60.mat,0.50724
new_3_575.mat,0.99856
new_3_290.mat,0.99334
new_3_419.mat,0.65371
new_3_110.mat,0.62057
new_3_36.mat,0.74526
new_3_247.mat,0.99973
new_3_405.mat,0.90202
new_3_208.mat,0.99919
new_3_115.mat,0.97779
new_3_33.mat,0.99850
new_3_657.mat,0.98569
new_3_88.mat,0.51891
new_3_132.mat,0.60633
new_3_561.mat,0.50100
new_3_668.mat,0.50257
new_3_416.mat,0.92611
new_3_351.mat,0.54566
new_3_543.mat,0.50044
new_3_515.mat,0.99798
new_3_141.mat,0.64163
new_3_483.mat,0.99871
new_3_491.mat,0.53982
new_3_180.mat,0.59771
new_3_392.mat,0.99788
new_3_311.mat,0.92499
new_3_593.mat,0.85571
new_3_307.mat,0.87283
new_3_372.mat,0.98859
new_3_196.mat,0.88917
new_3_551.mat,0.99241
new_3_430.mat,0.72891
new_3_105.mat,0.69127
new_3_342.mat,0.50353
new_3_256.mat,0.99981
new_3_175.mat,0.76326
new_3_139.mat,0.59718
new_3_385.mat,0.98397
new_3_219.mat,0.58701
new_3_204.mat,0.95391
new_3_567.mat,0.83446
new_3_499.mat,0.93723
new_3_240.mat,0.92760
new_3_209.mat,0.99988
new_3_285.mat,0.99914
new_3_594.mat,0.77816
new_3_358.mat,0.50115
new_3_182.mat,0.99527
new_3_612.mat,0.51020
new_3_626.mat,0.57559
new_3_429.mat,0.94099
new_3_444.mat,0.97418
new_3_147.mat,0.71145
new_3_386.mat,0.99873
new_3_143.mat,0.51638
new_3_26.mat,0.75993
new_3_464.mat,0.98653
new_3_375.mat,0.78271
new_3_382.mat,0.50451
new_3_376.mat,0.99225
new_3_649.mat,0.99996
new_3_168.mat,0.99969
new_3_652.mat,0.91310
new_3_680.mat,0.50097
new_3_460.mat,0.99247
new_3_186.mat,0.63722
new_3_301.mat,0.98584
new_3_50.mat,0.80759
new_3_532.mat,0.51359
new_3_91.mat,0.50874
new_3_604.mat,0.50242
new_3_433.mat,0.64342
new_3_233.mat,0.98082
new_3_304.mat,0.99923
new_3_562.mat,0.99228
new_3_53.mat,0.72534
new_3_362.mat,0.99173
new_3_466.mat,0.72216
new_3_261.mat,0.99577
new_3_396.mat,0.64774
new_3_628.mat,0.99971
new_3_96.mat,0.99999
new_3_388.mat,0.53449
new_3_394.mat,0.51103
new_3_86.mat,0.51322
new_3_185.mat,0.52095
new_3_238.mat,0.99335
new_3_514.mat,0.50008
new_3_108.mat,0.97710
new_3_655.mat,0.90861
new_3_534.mat,0.81074
new_3_527.mat,0.99629
new_3_519.mat,0.99715
new_3_541.mat,0.91679
new_3_90.mat,0.77657
new_3_157.mat,0.58956
new_3_197.mat,0.51916
new_3_265.mat,0.96249
new_3_674.mat,0.99483
new_3_623.mat,0.81250
new_3_260.mat,0.61923
new_3_306.mat,0.99835
new_3_476.mat,0.50039
new_3_360.mat,0.98061
new_3_61.mat,0.55485
new_3_145.mat,0.99860
new_3_627.mat,0.98928
new_3_523.mat,0.99478
new_3_103.mat,0.71446
new_3_161.mat,0.99992
new_3_189.mat,0.99987
new_3_651.mat,0.92389
new_3_496.mat,0.98578
new_3_313.mat,0.93208
new_3_334.mat,0.90572
new_3_234.mat,0.95784
new_3_251.mat,0.99963
new_3_162.mat,0.99044
new_3_19.mat,0.97614
new_3_662.mat,0.75713
new_3_600.mat,0.50019
new_3_322.mat,0.88809
new_3_688.mat,0.99906
new_3_133.mat,0.83251
new_3_603.mat,0.50963
new_3_380.mat,0.97689
new_3_164.mat,0.52629
new_3_686.mat,0.62198
new_3_114.mat,0.99559
new_3_10.mat,0.65480
new_3_566.mat,0.99986
new_3_243.mat,0.99560
new_3_683.mat,0.90147
new_3_52.mat,0.55023
new_3_605.mat,0.95047
new_3_51.mat,0.95700
new_3_206.mat,0.96902
new_3_74.mat,0.98267
new_3_435.mat,0.97501
new_3_24.mat,0.74726
new_3_173.mat,0.82750
new_3_266.mat,0.50926
new_3_73.mat,0.62240
new_3_190.mat,0.73434
new_3_267.mat,0.86548
new_3_395.mat,0.57328
new_3_106.mat,0.93943
new_3_537.mat,0.52882
new_3_570.mat,0.99999
new_3_379.mat,0.99635
new_3_295.mat,0.50126
new_3_183.mat,0.99048
new_3_14.mat,0.53258
new_3_459.mat,0.99872
new_3_370.mat,0.97530
new_3_220.mat,0.99824
new_3_480.mat,0.55238
new_3_546.mat,0.53578
new_3_397.mat,0.51155
new_3_317.mat,0.99970
new_3_516.mat,0.52263
new_3_12.mat,0.99122
new_3_555.mat,0.59515
new_3_63.mat,0.76450
new_3_457.mat,0.50375
new_3_11.mat,0.50604
new_3_137.mat,0.99587
new_3_511.mat,0.86909
new_3_589.mat,0.98352
new_3_454.mat,0.96591
new_3_667.mat,0.99333
new_3_138.mat,0.92924
new_3_440.mat,0.91991
new_3_47.mat,0.51158
new_3_193.mat,0.50220
new_3_92.mat,0.50010
new_3_487.mat,0.99977
new_3_62.mat,0.62977
new_3_171.mat,0.51840
new_3_68.mat,0.54688
new_3_564.mat,0.50079
new_3_43.mat,0.94618
new_3_16.mat,0.50021
new_3_654.mat,0.52597
new_3_298.mat,0.94225
new_3_481.mat,0.99524
new_3_345.mat,0.95132
new_3_347.mat,0.51641
new_3_275.mat,0.76421
new_3_93.mat,0.53501
new_3_340.mat,0.50312
new_3_597.mat,0.96949
new_3_465.mat,0.57245
new_3_9.mat,0.99896
new_3_280.mat,0.99642
new_3_46.mat,0.64740
new_3_1.mat,0.93501
new_3_199.mat,0.99964
new_3_281.mat,0.60913
new_3_302.mat,0.63154
new_3_321.mat,0.99857
new_3_100.mat,0.99910
new_3_38.mat,0.52265
new_3_274.mat,0.96016
new_3_468.mat,0.99243
new_3_384.mat,0.51560
new_3_486.mat,0.99309
new_3_512.mat,0.83130
new_3_393.mat,0.50752
new_3_356.mat,0.98501
new_3_445.mat,0.87930
new_3_236.mat,0.94753
new_3_363.mat,0.99935
new_3_383.mat,0.99810
new_3_690.mat,0.50943
new_3_264.mat,0.90080
new_3_246.mat,0.57840
new_3_477.mat,0.99942
new_3_571.mat,0.50263
new_3_492.mat,0.95296
new_3_166.mat,0.97656
new_3_614.mat,0.95347
new_3_462.mat,0.96574
new_3_305.mat,0.99975
new_3_249.mat,0.55954
new_3_158.mat,0.50129
new_3_606.mat,0.50768
new_3_253.mat,0.50031
new_3_673.mat,0.98137
new_3_428.mat,0.50980
new_3_279.mat,0.51686
new_3_381.mat,0.90115
new_3_630.mat,0.52438
new_3_55.mat,0.62990
new_3_282.mat,0.96568
new_3_618.mat,0.99995
new_3_192.mat,0.67717
new_3_478.mat,0.54763
new_3_684.mat,0.75978
new_3_120.mat,0.50743
new_3_581.mat,0.95973
new_3_314.mat,0.99896
new_3_659.mat,0.90804
new_3_31.mat,0.73298
new_3_624.mat,0.50100
new_3_374.mat,0.99886
new_3_341.mat,0.66792
new_3_572.mat,0.95941
new_3_37.mat,0.99579
new_3_22.mat,0.50060
new_3_410.mat,0.96491
new_3_644.mat,0.52082
new_3_413.mat,0.99952
new_3_300.mat,0.99797
new_3_167.mat,0.78463
new_3_424.mat,0.61099
new_3_689.mat,0.99498
new_3_498.mat,0.72805
new_3_296.mat,0.99816
new_3_28.mat,0.65746
new_3_548.mat,0.50035
new_3_70.mat,0.50276
new_3_76.mat,0.99058
new_3_609.mat,0.91517
new_3_126.mat,0.53422
new_3_339.mat,0.64971
new_3_653.mat,0.96092
new_3_71.mat,0.99650
new_3_355.mat,0.52871
new_3_437.mat,0.99909
new_3_619.mat,0.50558
new_3_417.mat,0.80764
new_3_232.mat,0.99930
new_3_29.mat,0.92661
new_3_336.mat,0.50353
new_3_222.mat,0.99684
new_3_431.mat,0.91487
new_3_470.mat,0.71982
new_3_518.mat,0.96868
new_3_268.mat,0.83388
new_3_287.mat,0.99992
new_3_23.mat,0.92365
new_3_127.mat,0.52001
new_3_169.mat,0.54279
new_3_320.mat,0.51257
new_3_639.mat,0.50580
new_3_631.mat,0.95938
new_3_369.mat,0.51221
new_3_349.mat,0.99238
new_3_665.mat,0.63285
new_3_582.mat,0.50022
new_3_2.mat,0.99064
new_3_647.mat,0.50011
new_3_443.mat,0.87679
new_3_669.mat,0.99568
new_3_577.mat,0.99796
new_3_473.mat,0.76500
new_3_271.mat,0.55756
new_3_80.mat,0.97399
new_3_69.mat,0.96802
new_3_218.mat,0.60577
new_3_229.mat,0.99912
new_3_595.mat,0.71597
new_3_34.mat,0.50616
new_3_57.mat,0.81574
new_3_154.mat,0.99829
new_3_580.mat,0.72661
new_3_151.mat,0.99098
new_3_423.mat,0.99140
new_3_174.mat,0.99888
new_3_124.mat,0.50635
new_3_411.mat,0.51948
new_3_8.mat,0.99749
new_3_645.mat,0.90045
new_3_155.mat,0.99937
new_3_315.mat,0.91653
new_3_119.mat,0.71466
new_3_291.mat,0.96770
new_3_409.mat,0.98544
new_3_66.mat,0.50372
new_3_333.mat,0.83174
new_3_552.mat,0.50048
new_3_497.mat,0.53773
new_3_505.mat,0.52703
new_3_123.mat,0.90538
new_3_641.mat,0.55803
new_3_212.mat,0.92620
new_3_471.mat,0.99034
new_3_400.mat,0.52837
new_3_451.mat,0.68320
new_3_563.mat,0.94162
new_3_40.mat,0.99783
new_3_479.mat,0.50016
new_3_262.mat,0.99860
new_3_629.mat,0.60459
new_3_538.mat,0.53345
new_3_414.mat,0.50625
new_3_310.mat,0.98739
new_3_599.mat,0.99646
new_3_678.mat,0.99848
new_3_129.mat,0.98869
new_3_184.mat,0.50212
new_3_177.mat,0.67377
new_3_64.mat,0.62525
new_3_472.mat,0.99967
new_3_257.mat,0.50016
new_3_276.mat,0.73986
new_3_588.mat,0.81475
new_3_488.mat,0.79148
new_3_598.mat,0.98624
new_3_616.mat,0.99841
new_3_670.mat,0.94681
new_3_179.mat,0.50681
new_3_79.mat,0.58321
new_3_484.mat,0.85260
new_3_574.mat,0.99821
new_3_270.mat,0.65522
new_3_661.mat,0.91798
new_3_608.mat,0.50959
new_3_170.mat,0.99108
new_3_303.mat,0.51030
new_3_455.mat,0.69476
new_3_378.mat,0.88774
new_3_48.mat,0.99724
new_3_21.mat,0.50737
new_3_330.mat,0.55531
new_3_671.mat,0.60800
new_3_263.mat,0.50060
new_3_675.mat,0.99835
new_3_195.mat,0.57833
new_3_357.mat,0.52702
new_3_535.mat,0.94578
new_3_299.mat,0.56776
new_3_181.mat,0.64332
new_3_131.mat,0.51589
new_3_660.mat,0.88511
new_3_587.mat,0.83619
new_3_3.mat,0.51354
new_3_366.mat,0.99737
new_3_32.mat,0.58732
new_3_121.mat,0.65536
new_3_367.mat,0.52519
new_3_99.mat,0.53311
new_3_309.mat,0.75977
new_3_672.mat,0.50118
new_3_613.mat,0.99820
new_3_421.mat,0.77676
new_3_35.mat,0.91598
new_3_153.mat,0.60038
new_3_283.mat,0.53839
new_3_54.mat,0.99625
new_3_104.mat,0.99974
new_3_447.mat,0.87034
new_3_364.mat,0.54918
new_3_533.mat,0.72210
new_3_578.mat,0.81926
new_3_198.mat,0.98963
new_3_223.mat,0.99983
new_3_211.mat,0.77034
new_3_294.mat,0.51405
new_3_7.mat,0.50059
new_3_634.mat,0.99765
new_3_530.mat,0.63479
new_3_591.mat,0.99991
new_3_250.mat,0.52254
new_3_149.mat,0.55338
new_3_453.mat,0.99505
new_3_509.mat,0.95876
new_3_412.mat,0.99979
new_3_520.mat,0.51707
new_3_273.mat,0.99745
new_3_368.mat,0.97028
new_3_244.mat,0.99853
new_3_248.mat,0.53815
new_3_254.mat,0.99821
new_3_620.mat,0.66590
new_3_207.mat,0.99951
new_3_475.mat,0.99352
new_3_289.mat,0.52235
new_3_84.mat,0.84011
new_3_452.mat,0.88824
new_3_420.mat,0.81921
new_3_438.mat,0.89341
new_3_377.mat,0.99630
new_3_403.mat,0.99946
new_3_59.mat,0.67498
new_3_401.mat,0.50698
new_3_391.mat,0.99135
new_3_259.mat,0.99965
new_3_116.mat,0.99848
new_3_102.mat,0.90598
new_3_134.mat,0.96243
new_3_85.mat,0.73212
new_3_426.mat,0.99978
new_3_67.mat,0.50080
new_3_5.mat,0.86116
new_3_176.mat,0.50008
new_3_6.mat,0.99581
new_3_87.mat,0.72629
new_3_284.mat,0.95659
new_3_224.mat,0.50201
new_3_148.mat,0.99981
new_3_221.mat,0.89592
new_3_144.mat,0.52037
new_3_292.mat,0.89427
new_3_576.mat,0.99840
new_3_81.mat,0.88045
new_3_648.mat,0.60343
new_3_615.mat,0.50054
new_3_517.mat,0.50108
new_3_521.mat,0.50067
new_3_217.mat,0.53640
new_3_353.mat,0.51043
new_3_407.mat,0.50921
new_3_113.mat,0.92879
new_3_387.mat,0.50257
new_3_389.mat,0.50590
new_3_507.mat,0.70207
new_3_601.mat,0.50321
new_3_344.mat,0.50588
new_3_502.mat,0.98944
new_3_508.mat,0.53664
new_3_201.mat,0.52844
new_3_664.mat,0.96391
new_3_531.mat,0.99926
new_3_635.mat,0.99915
new_3_109.mat,0.99824
new_3_583.mat,0.52157
new_3_318.mat,0.99418
new_3_559.mat,0.94580
new_3_72.mat,0.50058
new_3_329.mat,0.97929
new_3_352.mat,0.50048
new_3_573.mat,0.99949
new_3_681.mat,0.50122
new_3_83.mat,0.87726
new_3_319.mat,0.50044
new_3_152.mat,0.50941
new_3_269.mat,0.50530
new_3_558.mat,0.50696
new_3_25.mat,0.97681
new_3_565.mat,0.56859
new_3_528.mat,0.53864
new_3_202.mat,0.59290
new_3_118.mat,0.50638
new_3_111.mat,0.51066
new_3_117.mat,0.99929
new_3_191.mat,0.99106
new_3_39.mat,0.50550
new_3_503.mat,0.99778
new_3_500.mat,0.57736
new_3_590.mat,0.99940
new_3_20.mat,0.94375
new_3_65.mat,0.67017
new_3_524.mat,0.99844
new_3_44.mat,0.98944
new_3_579.mat,0.50037
new_3_323.mat,0.81406
new_3_610.mat,0.53364
new_3_95.mat,0.56234
new_3_227.mat,0.50272
new_3_584.mat,0.51331
new_3_390.mat,0.50050
new_3_554.mat,0.99973
new_3_187.mat,0.87998
new_3_18.mat,0.99750
new_3_553.mat,0.99920
new_3_404.mat,0.99410
new_3_56.mat,0.99976
new_3_467.mat,0.50986
new_3_456.mat,0.93868
new_3_469.mat,0.50443
new_3_640.mat,0.69257
new_3_633.mat,0.99785
new_3_89.mat,0.76608
new_3_42.mat,0.78620
new_3_146.mat,0.78793
new_3_406.mat,0.55673
new_3_27.mat,0.99992
new_3_485.mat,0.50019
new_3_489.mat,0.99977
new_3_237.mat,0.96917
new_3_569.mat,0.50311
new_3_335.mat,0.92883
new_3_293.mat,0.69418
new_3_214.mat,0.83647
new_3_513.mat,0.50028
new_3_425.mat,0.99970
new_3_642.mat,0.64090
new_3_625.mat,0.97248
new_3_58.mat,0.99864
new_3_160.mat,0.50419
new_3_638.mat,0.99935
new_3_666.mat,0.52493
new_3_525.mat,0.50111
new_3_432.mat,0.60207
new_3_30.mat,0.97375
new_3_568.mat,0.60607
new_3_536.mat,0.99670
new_3_239.mat,0.98985
new_3_338.mat,0.80842
new_3_150.mat,0.99948
new_3_194.mat,0.66731
new_3_312.mat,0.99965
new_3_135.mat,0.50012
new_3_94.mat,0.99992
new_3_547.mat,0.50214
new_3_490.mat,0.50195
new_3_556.mat,0.99959
new_3_422.mat,0.57893
new_3_560.mat,0.66233
new_3_436.mat,0.79482
new_3_242.mat,0.88714
new_3_286.mat,0.80966
new_3_159.mat,0.51173
new_3_441.mat,0.50126
new_3_427.mat,0.96820
new_3_205.mat,0.50008
new_3_188.mat,0.99907
new_3_529.mat,0.98159
new_3_136.mat,0.50105
new_3_163.mat,0.53960
new_3_122.mat,0.99848
new_3_241.mat,0.97965
new_3_252.mat,0.99988
new_3_592.mat,0.85855
new_3_493.mat,0.50115
new_3_448.mat,0.72504
new_3_682.mat,0.50029
new_3_230.mat,0.66011
new_3_112.mat,0.99519
new_3_228.mat,0.85041
new_3_4.mat,0.80104
new_3_542.mat,0.50531
new_3_361.mat,0.50330
new_3_327.mat,0.50286
new_3_130.mat,0.83816
new_3_331.mat,0.98061
new_3_245.mat,0.50053
new_3_643.mat,0.99393
new_3_203.mat,0.58914
new_3_216.mat,0.50515
new_3_398.mat,0.52880
new_3_646.mat,0.52018
new_3_596.mat,0.51474
new_3_617.mat,0.50765
new_3_522.mat,0.99999
new_3_677.mat,0.84201
new_3_308.mat,0.84979
new_3_506.mat,0.90587
new_3_97.mat,0.99830
new_3_494.mat,0.64199
new_3_350.mat,0.94236
new_3_332.mat,0.93799
new_3_371.mat,0.99968
new_3_225.mat,0.99077
new_3_650.mat,0.99832
new_3_687.mat,0.98933
new_3_231.mat,0.50156
new_3_510.mat,0.58254
new_3_365.mat,0.72273
new_3_402.mat,0.99983
new_3_461.mat,0.53636
new_3_585.mat,0.52939
new_3_557.mat,0.88872
new_3_41.mat,0.91172
new_3_348.mat,0.52544
new_3_325.mat,0.50334
new_3_545.mat,0.52189
new_3_636.mat,0.50440
new_3_316.mat,0.99588
new_3_78.mat,0.51999
new_3_458.mat,0.99781
new_3_326.mat,0.97435
new_3_495.mat,0.52569
new_3_272.mat,0.99530
new_3_165.mat,0.99206
new_3_354.mat,0.99490
new_3_98.mat,0.71796
new_3_75.mat,0.50101
new_3_210.mat,0.97118
new_3_679.mat,0.99780
new_3_676.mat,0.78946
new_3_632.mat,0.97607
new_3_226.mat,0.50613
new_3_278.mat,0.76282
new_3_140.mat,0.97685
new_3_463.mat,0.50024
new_3_408.mat,0.99269
new_3_13.mat,0.56154
new_3_346.mat,0.55405
new_3_128.mat,0.50099
new_3_297.mat,0.99828
new_3_540.mat,0.51012
new_3_399.mat,0.54524
new_3_539.mat,0.99996
new_3_288.mat,0.95434
new_3_107.mat,0.99446
new_3_101.mat,0.52381
new_3_602.mat,0.99857
new_3_663.mat,0.99863
new_3_418.mat,0.87642
new_3_200.mat,0.50030
new_3_434.mat,0.99704
new_3_621.mat,0.99523
new_3_622.mat,0.58611
new_3_449.mat,0.92876
new_3_373.mat,0.50285
new_3_258.mat,0.52295
new_3_607.mat,0.50009
new_3_45.mat,0.99961
new_3_637.mat,0.99350
new_3_359.mat,0.92459
new_3_504.mat,0.68492
new_3_337.mat,0.85138
new_3_549.mat,0.50262
new_3_611.mat,0.81937
new_1_177.mat,0.76599
new_1_209.mat,0.76599
new_1_7.mat,0.76599
new_1_205.mat,0.76599
new_1_21.mat,0.76599
new_1_72.mat,0.76599
new_1_147.mat,0.76599
new_1_13.mat,0.76599
new_1_18.mat,0.76599
new_1_34.mat,0.76599
new_1_167.mat,0.76599
new_1_98.mat,0.76599
new_1_20.mat,0.76599
new_2_420.mat,0.76599
new_2_499.mat,0.76599
new_2_740.mat,0.76599
new_2_94.mat,0.76599
new_2_148.mat,0.76599
new_2_433.mat,0.76599
new_2_140.mat,0.76599
new_2_26.mat,0.76599
new_3_544.mat,0.76599
